{
  "d": [
    0.0,
    0.15,
    0.3,
    0.5,
    0.75,
    1.0
  ],
  "rigid": {
    "d": [
      0.0,
      0.15,
      0.3,
      0.5,
      0.75
    ],
    "E_meV": [
      0.0,
      -144.35191415759618,
      -198.49495359812863,
      -173.00128610804677,
      -58.26270726174698
    ],
    "min_meV": -198.49495359812863,
    "d0": 0.3,
    "hw_eff_meV": 22.527332658210348
  },
  "vacuum": {
    "d": [
      0.0,
      0.15,
      0.3,
      0.5,
      0.75
    ],
    "E_meV": [
      0.0,
      -7.920146079413826,
      -31.754735347931273,
      -89.34464108460816,
      -205.87699451425578
    ],
    "edge_meV": -205.87699451425578
  },
  "adiabatic": {
    "d": [
      0.0,
      0.15,
      0.3,
      0.5,
      0.75,
      1.0
    ],
    "E_meV": [
      0.0,
      -221.6975584233296,
      -380.1912300114054,
      -327.4344746423594,
      -202.32386775751365,
      -45.29797834402416
    ],
    "nsteps": [
      100,
      100,
      100,
      95,
      91,
      75
    ],
    "min_meV": -380.1912300114054,
    "d0": 0.3,
    "hw_eff_meV": 37.03960172176062
  },
  "d3": {
    "d": [
      0.0,
      0.15
    ],
    "E_meV": [
      0.0,
      -210.3634718223475
    ]
  },
  "relax60": {
    "E60_d0": -22662.17411682523,
    "E60_d30": -22662.17922685145,
    "nsteps": [
      60,
      60
    ],
    "spread_above_min_meV": 393.9095782734512,
    "capped_well_meV": -5.110026220791042
  },
  "deepening": {
    "relax_gain_d0_meV": 1877.47299583134,
    "extra_deep_d30_meV": 181.6962764132768
  },
  "timescales": {
    "na_mode_meV": 22.527332658210348,
    "na_period_fs": 183.5844376105738,
    "hbond_ps": "~1",
    "ensemble": "statistical-dynamical, not adiabatic"
  }
}